frame,t,T_01,T_02,T_03,T_04,T_05,T_06,T_07,T_08,T_09,T_10,T_11,T_12,T_13,T_14,T_15,T_16,T_17,T_18,T_19,T_20,T_21,T_22,T_23,T_24,T_25,T_26,T_27,T_28
215,3.583333,96.79436492919922,62.54115295410156,47.6797981262207,57.974918365478516,128.52731323242188,279.3959655761719,463.30560302734375,149.66061401367188,163.2574005126953,773.235107421875,1363.2169189453125,387.90899658203125,123.51470947265625,741.8362426757812,1323.608154296875,281.99920654296875,276.7870788574219,597.1858520507812,745.13037109375,179.02713012695312,276.3810729980469,90.98406219482422,109.31553649902344,23.514793395996094,101.83900451660156,-0.33089184761047363,9.42753791809082,39.018375396728516
216,3.600000,95.4905014038086,60.87903594970703,46.72856521606445,56.12172317504883,127.6523208618164,279.1594543457031,461.416015625,147.2015380859375,162.03843688964844,772.2763061523438,1361.709716796875,387.4127502441406,122.6864013671875,741.761962890625,1325.958984375,284.82733154296875,278.1912536621094,600.4797973632812,750.1625366210938,183.5725860595703,277.2318420410156,92.27337646484375,109.84624481201172,22.45940399169922,101.26304626464844,-0.9155323505401611,8.95377254486084,38.27410125732422
217,3.616667,96.63685607910156,62.140289306640625,47.65562057495117,57.350006103515625,127.93692779541016,278.6076354980469,461.0366516113281,147.07559204101562,161.80413818359375,768.7691040039062,1355.8951416015625,386.2082214355469,124.07118225097656,738.6261596679688,1319.3504638671875,284.475830078125,276.8133850097656,596.1275024414062,744.7451171875,181.20648193359375,275.1415710449219,90.39292907714844,108.63797760009766,22.914409637451172,101.51763916015625,-0.34877514839172363,9.338884353637695,38.93691635131836
218,3.633333,95.75584411621094,60.47595977783203,46.08018112182617,55.261016845703125,127.88870239257812,278.53411865234375,457.13153076171875,144.33053588867188,160.2371063232422,767.1668090820312,1351.84130859375,385.03387451171875,123.48696899414062,739.9284057617188,1321.1390380859375,286.70867919921875,277.09136962890625,597.1814575195312,750.2823486328125,185.99127197265625,275.28167724609375,90.5457763671875,108.40923309326172,23.23019027709961,101.10884094238281,-0.5955421924591064,8.656274795532227,38.66866683959961
219,3.650000,96.75260162353516,62.28106689453125,47.46271896362305,56.67683792114258,127.85686492919922,278.6676025390625,458.7399597167969,144.80824279785156,160.46102905273438,765.4173583984375,1349.4432373046875,384.31903076171875,124.21394348144531,736.4246215820312,1315.6085205078125,285.3402404785156,276.5685119628906,594.8832397460938,745.069580078125,182.96499633789062,274.409423828125,89.76670837402344,107.8407211303711,23.099407196044922,101.60806274414062,-0.017449630424380302,9.120128631591797,39.02519226074219
220,3.666667,95.97611999511719,62.57579803466797,47.43966293334961,56.07212448120117,126.70930480957031,279.625244140625,460.465087890625,143.9404296875,159.9777069091797,765.6036376953125,1351.8609619140625,384.37774658203125,123.42744445800781,734.6630249023438,1318.1612548828125,287.07891845703125,277.6402282714844,598.2511596679688,747.8157958984375,184.03990173339844,276.5472412109375,92.62226867675781,109.80657196044922,21.493057250976562,101.74730682373047,-0.1727593094110489,9.056608200073242,38.661685943603516
221,3.683333,95.34095764160156,61.761539459228516,46.477508544921875,54.81266403198242,126.8326187133789,279.2138977050781,457.3983154296875,142.28839111328125,159.3463592529297,764.7796020507812,1348.7310791015625,383.1883544921875,124.32275390625,736.2932739257812,1318.5830078125,288.75,277.5945129394531,598.4785766601562,750.6385498046875,186.26344299316406,275.6336364746094,91.87837219238281,109.36763763427734,21.96609878540039,101.0417709350586,0.02438424713909626,8.79654312133789,38.62631607055664
222,3.700000,95.20541381835938,61.56322479248047,46.17878341674805,54.2459602355957,127.5091323852539,279.498046875,456.4315490722656,141.75360107421875,160.09486389160156,764.9453735351562,1347.682861328125,383.5270690917969,125.3578872680664,737.9276123046875,1319.5604248046875,290.3059997558594,278.7901611328125,598.6260986328125,750.6417236328125,187.5399169921875,276.6846008300781,92.08136749267578,108.888427734375,21.78481674194336,101.16093444824219,0.06774018704891205,8.59553050994873,38.57952880859375
223,3.716667,95.22695922851562,62.16126251220703,45.96794128417969,54.24797821044922,127.43058013916016,279.9110412597656,456.562255859375,141.7934112548828,160.35311889648438,766.7991333007812,1349.504638671875,382.981201171875,126.79325866699219,741.2184448242188,1321.4849853515625,290.1906433105469,278.88067626953125,600.0723876953125,749.7794799804688,184.992431640625,277.39996337890625,92.54222106933594,109.00650787353516,21.204065322875977,101.29508972167969,0.2522609233856201,8.828413009643555,38.91828536987305
224,3.733333,94.9211196899414,60.66994857788086,44.762977600097656,52.617401123046875,127.80744171142578,281.8980407714844,454.6783142089844,140.08935546875,160.5614776611328,769.1239624023438,1348.3319091796875,382.8292236328125,127.78169250488281,745.1742553710938,1325.126708984375,292.66363525390625,279.43182373046875,600.752685546875,752.82861328125,187.70111083984375,277.7177429199219,92.79435729980469,108.90127563476562,21.347606658935547,101.2431411743164,-0.09170271456241608,8.354483604431152,38.8825569152832
225,3.750000,96.37319946289062,63.182613372802734,46.68278503417969,55.02897644042969,128.09291076660156,283.36944580078125,459.3135986328125,141.93222045898438,161.83819580078125,768.5211181640625,1347.9705810546875,382.52398681640625,128.20175170898438,739.2658081054688,1316.043212890625,288.8482666015625,278.9898986816406,597.2694091796875,742.9329833984375,181.6356201171875,278.1161804199219,92.77401733398438,108.5971450805664,20.650592803955078,102.3777847290039,0.3701159954071045,9.247742652893066,39.15826416015625
226,3.766667,95.64007568359375,61.990272521972656,45.418094635009766,53.795772552490234,127.95812225341797,282.0985412597656,456.4638366699219,141.3037567138672,161.0309600830078,766.80322265625,1346.9981689453125,383.66448974609375,128.09957885742188,741.1394653320312,1320.8570556640625,292.234619140625,279.1843566894531,598.0057373046875,748.0677490234375,185.46658325195312,278.3014221191406,92.51451873779297,108.62203216552734,21.032024383544922,101.873046875,0.26463961601257324,8.867709159851074,38.989112854003906
227,3.783333,95.23222351074219,60.596195220947266,43.862796783447266,53.0855598449707,127.08866119384766,277.5074462890625,451.7763366699219,141.91661071777344,156.84706115722656,760.3843383789062,1345.7501220703125,386.4617919921875,125.78456115722656,741.7089233398438,1327.9915771484375,296.4178161621094,277.3194274902344,596.0411376953125,757.842041015625,192.60154724121094,276.1880798339844,90.24469757080078,108.25530242919922,24.14594078063965,101.01333618164062,0.6374766826629639,7.8151140213012695,39.57100296020508
228,3.800000,95.28422546386719,59.07098388671875,43.13932418823242,52.33200454711914,127.58821105957031,275.57928466796875,447.4869384765625,140.2145233154297,157.29769897460938,757.9007568359375,1339.9671630859375,385.50408935546875,125.05752563476562,740.3301391601562,1327.8739013671875,297.3099060058594,278.4114990234375,595.0114135742188,758.9212646484375,196.6292724609375,276.8292541503906,89.68050384521484,106.61986541748047,24.12925148010254,101.411376953125,-0.20367170870304108,7.426231384277344,39.18239974975586
229,3.816667,95.52688598632812,59.763275146484375,43.328826904296875,53.025997161865234,127.90177154541016,276.6745300292969,447.83514404296875,139.70433044433594,156.9863739013672,758.0729370117188,1337.776123046875,382.1250915527344,123.08259582519531,735.50634765625,1320.30615234375,291.70648193359375,277.6194763183594,595.6738891601562,755.36767578125,191.89549255371094,277.599853515625,91.0777587890625,107.38562774658203,23.66782569885254,101.82447814941406,-0.15828825533390045,7.784597396850586,39.525108337402344
230,3.833333,96.53301239013672,61.07366943359375,45.07248306274414,54.91411209106445,127.69786071777344,277.4289245605469,450.9537353515625,140.77828979492188,158.15135192871094,757.6729125976562,1337.8546142578125,381.9601135253906,123.08698272705078,730.4984130859375,1314.857421875,289.1971435546875,277.24420166015625,593.4279174804688,749.3331298828125,188.30685424804688,277.541748046875,91.33576965332031,107.63126373291016,23.463788986206055,102.60356140136719,-0.5132973194122314,8.390361785888672,39.72667694091797
231,3.850000,96.1278076171875,59.93256378173828,43.27376174926758,53.78425979614258,127.58802032470703,276.33258056640625,447.28082275390625,139.86451721191406,157.3205108642578,758.2166137695312,1336.9415283203125,380.15087890625,122.41961669921875,732.2377319335938,1317.48828125,288.1807861328125,276.46966552734375,594.3088989257812,753.0037231445312,188.41534423828125,278.1142272949219,91.58232879638672,107.76225280761719,23.718042373657227,102.46791076660156,-0.5998013019561768,8.136549949645996,40.06563186645508
232,3.866667,95.40519714355469,56.61167907714844,41.368858337402344,51.90526580810547,127.82415771484375,272.3255310058594,440.049072265625,138.42120361328125,154.76431274414062,751.091064453125,1328.5303955078125,380.37261962890625,119.11076354980469,729.2316284179688,1318.0595703125,289.7286682128906,275.70379638671875,590.0546264648438,759.40869140625,196.99826049804688,276.80841064453125,89.43315887451172,106.3699951171875,26.614286422729492,102.1610107421875,-1.0653870105743408,7.016287803649902,39.80068588256836
233,3.883333,47.17115020751953,38.9294548034668,-4.927759647369385,27.5873966217041,41.238731384277344,354.6782531738281,440.1190490722656,121.21521759033203,106.28008270263672,1009.3280029296875,1397.2774658203125,301.0989074707031,234.6783905029297,1248.3167724609375,1417.70654296875,240.5773468017578,26.654478073120117,567.8989868164062,664.0530395507812,-15.290583610534668,168.7422332763672,203.68093872070312,219.8782196044922,46.43704605102539,77.43508911132812,33.439796447753906,6.382192611694336,79.19969177246094
234,3.900000,33.27043151855469,59.862281799316406,-25.010419845581055,53.857059478759766,120.10457611083984,360.8996887207031,412.6122131347656,226.75296020507812,254.61204528808594,1061.630859375,1513.635009765625,475.0712890625,423.4889221191406,1407.6778564453125,1668.3856201171875,499.51434326171875,33.7151985168457,443.5860290527344,764.4015502929688,109.34418487548828,183.67758178710938,249.79452514648438,366.1360168457031,144.32254028320312,90.92601776123047,73.39205932617188,76.63431549072266,165.5698699951172
235,3.916667,27.748924255371094,135.1502685546875,77.2858657836914,141.2493133544922,311.7225341796875,541.9651489257812,562.7903442382812,330.0575866699219,498.3946228027344,1046.885009765625,1624.0699462890625,896.7269287109375,433.47271728515625,1008.7713012695312,1646.93115234375,858.5404663085938,130.45382690429688,277.2073669433594,841.3876953125,490.7976379394531,130.10009765625,217.20193481445312,431.37322998046875,183.17991638183594,75.59445190429688,130.68458557128906,195.1793975830078,237.6873779296875
236,3.933333,6.678470611572266,195.34127807617188,378.59326171875,523.9365844726562,2.3000800609588623,482.6206970214844,1051.1214599609375,802.8319702148438,250.8780975341797,1087.8037109375,2186.71826171875,1657.5814208984375,312.6446838378906,974.9332885742188,1743.9912109375,1377.342041015625,54.469337463378906,633.227783203125,1119.3909912109375,994.6962280273438,-58.3066520690918,-60.189605712890625,165.8602752685547,129.09812927246094,28.20242691040039,101.90678405761719,204.70005798339844,277.90045166015625
237,3.950000,9.665153503417969,-8.008706092834473,158.7961883544922,475.88671875,32.04354476928711,313.8379211425781,1108.012939453125,880.8235473632812,470.9961853027344,1501.16259765625,2720.9453125,1986.6759033203125,387.76055908203125,1382.2401123046875,2445.350830078125,1659.15576171875,203.658203125,1094.651123046875,2010.328857421875,1557.263427734375,-53.51941680908203,-10.104706764221191,725.3418579101562,560.8682861328125,190.20460510253906,416.8802795410156,596.8348388671875,777.5558471679688
238,3.966667,145.65219116210938,22.473020553588867,404.892822265625,773.8793334960938,143.7415771484375,711.3764038085938,1863.533935546875,1265.7679443359375,698.140625,1999.243408203125,3228.327392578125,2483.22509765625,567.8311767578125,1889.2027587890625,3101.6767578125,2115.981689453125,393.7992248535156,1447.3922119140625,2695.25146484375,1994.034912109375,-72.81916046142578,49.138946533203125,1103.0146484375,676.107421875,95.49102783203125,278.7547912597656,500.3127136230469,730.6747436523438
239,3.983333,189.23086547851562,86.94204711914062,388.3927001953125,687.9790649414062,72.35002899169922,968.7219848632812,2137.0693359375,1399.8118896484375,454.09405517578125,1631.1864013671875,3101.79052734375,2796.197509765625,461.3762512207031,1645.4036865234375,3146.828857421875,2545.926513671875,271.526123046875,1272.4002685546875,2619.312255859375,2396.087158203125,-10.989684104919434,234.6373748779297,1221.8265380859375,875.795654296875,81.60830688476562,147.85775756835938,430.38116455078125,572.3325805664062
240,4.000000,171.45208740234375,76.69120788574219,298.03515625,459.996826171875,52.78163146972656,935.2017211914062,1993.3043212890625,1216.1014404296875,379.2353515625,1451.895263671875,3013.99609375,2597.835693359375,398.7677001953125,1411.9385986328125,3100.596923828125,2417.205078125,171.46652221679688,1207.119140625,2568.19921875,2262.748046875,37.98988342285156,301.3821716308594,1249.99609375,911.087890625,85.61219024658203,59.68388748168945,353.2674865722656,426.07659912109375
241,4.016667,76.41303253173828,3.4179255962371826,-12.706781387329102,143.15296936035156,215.0581817626953,934.7299194335938,1813.198486328125,1141.8846435546875,525.6583251953125,1498.074462890625,2929.23095703125,2112.44189453125,529.7546997070312,1675.6611328125,3167.5830078125,2155.347412109375,280.6314392089844,1511.3785400390625,2805.124267578125,2189.500732421875,333.5088806152344,885.3353881835938,1777.108642578125,1352.64013671875,221.3343048095703,116.3545913696289,233.03231811523438,446.582275390625
242,4.033333,77.50988006591797,-3.239896059036255,-0.24505087733268738,159.69627380371094,214.78436279296875,905.5552978515625,1795.6136474609375,1141.36865234375,539.9263916015625,1512.0552978515625,2939.822021484375,2134.695556640625,526.29736328125,1661.4986572265625,3157.17333984375,2164.466796875,265.22540283203125,1459.4461669921875,2776.462646484375,2194.1611328125,320.53515625,876.9915771484375,1759.885009765625,1328.2677001953125,221.94834899902344,130.45982360839844,233.39633178710938,452.4204406738281
243,4.050000,73.98394012451172,-1.9874165058135986,27.119722366333008,192.4462127685547,158.28651428222656,902.3591918945312,1847.7332763671875,1178.0704345703125,476.82733154296875,1474.412109375,3024.22314453125,2304.760498046875,477.015380859375,1591.27978515625,3232.447021484375,2310.275146484375,256.5750427246094,1487.851806640625,2826.007080078125,2284.65966796875,229.43728637695312,743.2569580078125,1669.780029296875,1215.859375,165.66481018066406,83.66400146484375,219.34597778320312,401.3887023925781
244,4.066667,71.93524932861328,-0.6817105412483215,18.64729118347168,180.69163513183594,161.71383666992188,911.7686767578125,1853.4407958984375,1176.1334228515625,480.59112548828125,1486.6610107421875,3024.88427734375,2280.969482421875,482.49627685546875,1618.2769775390625,3245.735107421875,2292.22509765625,261.337890625,1512.5228271484375,2855.451904296875,2277.18505859375,242.99217224121094,771.448974609375,1703.29833984375,1237.0849609375,171.7292938232422,84.88185119628906,212.52621459960938,404.2884521484375
245,4.083333,69.40974426269531,0.03761548548936844,20.607542037963867,174.88316345214844,154.17015075683594,923.3507690429688,1877.0255126953125,1184.9088134765625,477.32257080078125,1501.3768310546875,3057.009765625,2297.487548828125,478.2533874511719,1622.0137939453125,3254.21044921875,2290.974853515625,260.80499267578125,1533.3367919921875,2889.577392578125,2291.5859375,237.47824096679688,777.4752197265625,1716.041015625,1235.7034912109375,167.94468688964844,84.02149963378906,202.36602783203125,390.1539611816406
246,4.100000,67.55135345458984,-2.0177395343780518,28.83070945739746,177.36537170410156,141.89859008789062,927.5929565429688,1917.8311767578125,1201.31396484375,467.2427673339844,1515.21875,3121.52001953125,2331.443359375,470.0038757324219,1622.1258544921875,3280.279541015625,2301.295654296875,251.58828735351562,1558.228271484375,2948.937744140625,2306.0224609375,218.5458221435547,768.1373291015625,1721.147216796875,1218.55224609375,157.24111938476562,78.2050552368164,180.82192993164062,365.7844543457031
247,4.116667,71.94744110107422,-1.897486925125122,43.83000564575195,194.31202697753906,129.93252563476562,931.8223266601562,1932.8236083984375,1205.4193115234375,450.9679870605469,1508.4102783203125,3144.134521484375,2386.355224609375,460.55426025390625,1598.4210205078125,3274.476318359375,2331.8291015625,240.10800170898438,1545.288818359375,2938.50390625,2320.556640625,195.83319091796875,723.1622924804688,1659.397216796875,1174.32470703125,147.64552307128906,74.1448974609375,171.65478515625,353.20068359375
248,4.133333,82.1727066040039,0.7067553400993347,86.71762084960938,256.5413818359375,109.89680480957031,920.2804565429688,1929.3094482421875,1218.7945556640625,449.8092041015625,1505.817138671875,3166.6162109375,2536.767822265625,448.8458251953125,1532.397216796875,3247.476318359375,2415.317138671875,227.50314331054688,1458.4200439453125,2882.761474609375,2396.142578125,132.14395141601562,557.386474609375,1474.9637451171875,1091.6168212890625,129.23074340820312,81.04391479492188,194.1522979736328,363.7384948730469
249,4.150000,96.52053833007812,16.36817741394043,123.78257751464844,301.59417724609375,90.07675170898438,915.8920288085938,1939.4132080078125,1231.9302978515625,445.270751953125,1493.2454833984375,3167.70068359375,2628.471923828125,451.7025451660156,1512.072509765625,3243.292236328125,2477.029052734375,225.319091796875,1403.224365234375,2823.196044921875,2420.888427734375,95.33114624023438,474.8906555175781,1391.04052734375,1040.76171875,115.96983337402344,84.41986083984375,230.29800415039062,380.81170654296875
250,4.166667,107.56272888183594,24.343368530273438,146.02725219726562,329.5628662109375,81.29646301269531,914.3773193359375,1935.2425537109375,1225.1627197265625,442.73974609375,1493.6822509765625,3152.48876953125,2662.436767578125,456.3890380859375,1511.761962890625,3236.833740234375,2500.679931640625,228.05569458007812,1375.6204833984375,2785.0693359375,2420.009765625,78.82646179199219,429.43267822265625,1340.66259765625,1004.0470581054688,109.78701782226562,85.42196655273438,250.29640197753906,397.6141357421875
251,4.183333,114.62776947021484,28.657236099243164,161.434326171875,345.7514953613281,76.08599853515625,920.0916137695312,1936.3680419921875,1213.9715576171875,442.5191345214844,1509.394775390625,3129.9189453125,2657.131591796875,460.8111877441406,1523.4173583984375,3220.925537109375,2490.007080078125,231.72552490234375,1359.6104736328125,2747.597900390625,2387.353515625,70.12841033935547,407.9969177246094,1327.2137451171875,967.21533203125,103.67665100097656,83.62355041503906,269.9496154785156,407.4751892089844
252,4.200000,120.37667083740234,33.68351745605469,177.63116455078125,357.4384460449219,71.47987365722656,928.5319213867188,1948.5408935546875,1208.497802734375,438.9268493652344,1518.491943359375,3124.395751953125,2662.272216796875,459.3011474609375,1525.4693603515625,3214.204833984375,2488.7236328125,226.85641479492188,1343.434814453125,2731.360107421875,2370.685791015625,62.11370086669922,392.14776611328125,1316.58984375,943.05078125,96.68656921386719,76.9373550415039,276.5002136230469,405.1249694824219
253,4.216667,123.3724594116211,35.71992492675781,185.2803955078125,363.4124755859375,70.65790557861328,931.4419555664062,1949.1702880859375,1203.2440185546875,435.69818115234375,1518.21142578125,3100.2939453125,2640.93603515625,456.7110290527344,1520.9332275390625,3191.81005859375,2464.434814453125,224.55722045898438,1325.570068359375,2696.323974609375,2337.445068359375,62.109596252441406,387.3798522949219,1316.7083740234375,930.3941650390625,95.68309020996094,76.00244140625,289.8241271972656,412.4755554199219
254,4.233333,128.6112060546875,39.544090270996094,197.15333557128906,376.9075927734375,68.55591583251953,929.5313110351562,1946.1243896484375,1200.3253173828125,430.70166015625,1507.4476318359375,3072.695068359375,2628.863037109375,452.2281799316406,1507.3077392578125,3170.419189453125,2453.502685546875,222.44903564453125,1305.2423095703125,2663.51513671875,2320.37646484375,60.07402801513672,375.3318176269531,1305.5277099609375,924.167236328125,95.15940856933594,75.32453155517578,302.4698791503906,421.1878356933594
255,4.250000,129.78378295898438,41.15388870239258,198.345703125,378.68023681640625,70.74678039550781,931.7241821289062,1941.8074951171875,1198.9857177734375,428.0589904785156,1498.49755859375,3044.5576171875,2606.360107421875,449.5358581542969,1497.6114501953125,3146.630615234375,2434.050537109375,221.94888305664062,1293.921142578125,2634.40576171875,2300.79443359375,64.07829284667969,379.5948486328125,1311.039794921875,928.3797607421875,99.26710510253906,79.23910522460938,315.3423156738281,433.7636413574219
256,4.266667,127.4615707397461,40.419193267822266,191.8290252685547,369.4228210449219,73.98822784423828,936.9786987304688,1944.5399169921875,1199.7852783203125,429.3585510253906,1503.370849609375,3047.98828125,2595.272216796875,450.7334899902344,1503.5609130859375,3147.759033203125,2424.103515625,221.17892456054688,1299.26123046875,2636.689208984375,2293.605224609375,69.34152221679688,392.98236083984375,1325.2640380859375,934.931640625,102.36888122558594,81.66204071044922,314.3457946777344,433.3267517089844
257,4.283333,122.47931671142578,38.08499526977539,181.23484802246094,350.92742919921875,76.42913055419922,940.701904296875,1946.3160400390625,1196.00341796875,432.0428161621094,1510.390869140625,3067.469482421875,2589.158935546875,453.5906677246094,1512.6080322265625,3162.4287109375,2420.14697265625,219.5516357421875,1315.0482177734375,2658.727294921875,2294.894775390625,75.1058578491211,411.1175231933594,1343.254638671875,943.2395629882812,104.39222717285156,81.39389038085938,305.34088134765625,422.8537902832031
258,4.300000,122.18854522705078,38.18659210205078,181.51864624023438,356.9814453125,76.87299346923828,939.1065063476562,1949.5501708984375,1205.8565673828125,434.79461669921875,1506.9453125,3067.74755859375,2601.550537109375,456.418701171875,1509.7799072265625,3159.95263671875,2429.956787109375,226.66107177734375,1320.1446533203125,2661.4521484375,2307.7099609375,76.50362396240234,410.12469482421875,1340.3349609375,944.3311767578125,108.01499938964844,87.5398178100586,309.0241394042969,430.5884704589844
259,4.316667,123.19881439208984,37.785709381103516,183.870361328125,365.060546875,74.29605865478516,933.1109008789062,1954.8154296875,1216.3956298828125,438.15338134765625,1509.06103515625,3084.2958984375,2627.045166015625,459.6089172363281,1510.8077392578125,3168.858154296875,2449.57470703125,230.86770629882812,1326.4576416015625,2675.272705078125,2329.60400390625,73.98825073242188,403.240234375,1331.56591796875,943.2962646484375,107.98426818847656,89.39636993408203,305.8589782714844,428.15509033203125
260,4.333333,127.10163879394531,37.937129974365234,195.65914916992188,393.10369873046875,69.6131591796875,918.0474853515625,1960.427978515625,1232.9478759765625,443.6670837402344,1506.5567626953125,3085.01708984375,2657.3154296875,462.12744140625,1510.614990234375,3169.2060546875,2473.358642578125,246.41665649414062,1331.526123046875,2680.596435546875,2357.1376953125,65.96121978759766,383.6601867675781,1321.21337890625,938.6243896484375,106.54971313476562,95.35575866699219,316.199462890625,443.1566162109375
261,4.350000,135.1473388671875,40.92974853515625,216.3112335205078,426.37738037109375,65.7929916381836,915.70947265625,1979.8353271484375,1255.5439453125,444.6435546875,1513.5361328125,3090.175537109375,2690.390869140625,464.9748840332031,1510.84814453125,3161.731201171875,2498.05615234375,251.07192993164062,1320.767822265625,2670.5634765625,2377.506103515625,55.12749481201172,356.2424011230469,1293.38720703125,937.0086669921875,102.39148712158203,96.7920150756836,321.2942199707031,450.5467834472656
262,4.366667,141.5719757080078,44.07288360595703,230.41778564453125,450.1888122558594,63.963050842285156,913.8463134765625,1986.575439453125,1259.9244384765625,447.4908447265625,1526.814697265625,3080.091796875,2685.197998046875,469.030029296875,1527.4664306640625,3154.761474609375,2494.462646484375,256.4010925292969,1315.7803955078125,2655.0693359375,2369.523193359375,51.16657257080078,347.4714050292969,1295.667724609375,935.5930786132812,101.39887237548828,101.10414123535156,338.5614929199219,469.6185607910156
263,4.383333,148.4598388671875,46.09737777709961,244.7439727783203,473.0548095703125,61.050941467285156,915.2765502929688,2005.967041015625,1276.1468505859375,449.2427062988281,1538.863037109375,3088.08056640625,2699.589599609375,472.9499206542969,1542.7117919921875,3159.050537109375,2500.167724609375,251.96734619140625,1300.1307373046875,2633.952880859375,2353.305908203125,44.922691345214844,327.6083984375,1274.3123779296875,924.6287231445312,97.9572982788086,96.80769348144531,337.5894470214844,472.0536804199219
264,4.400000,161.90744018554688,59.23703384399414,267.45843505859375,513.8921508789062,63.765289306640625,923.7657470703125,2028.0963134765625,1290.1771240234375,454.14129638671875,1548.545654296875,3071.373291015625,2694.690673828125,477.74346923828125,1564.7083740234375,3146.618896484375,2498.154296875,262.49298095703125,1295.3250732421875,2611.57421875,2349.86865234375,43.695701599121094,324.90606689453125,1276.091796875,922.33203125,101.4561996459961,114.3880386352539,364.38653564453125,500.7716369628906
265,4.416667,170.72906494140625,66.6148681640625,283.2790832519531,530.2973022460938,60.66789245605469,927.8563842773438,2040.052490234375,1287.0025634765625,451.87225341796875,1557.822021484375,3080.93310546875,2702.02734375,478.8551330566406,1583.5435791015625,3169.260498046875,2504.54931640625,254.09469604492188,1268.8790283203125,2591.686767578125,2325.784423828125,34.90113067626953,300.2238464355469,1253.168701171875,901.70947265625,93.63442993164062,103.7141342163086,361.9356689453125,494.32574462890625
266,4.433333,178.2270050048828,72.39450073242188,295.5458984375,557.1682739257812,60.05042266845703,928.2766723632812,2036.95556640625,1292.7135009765625,449.2808837890625,1557.76025390625,3042.96533203125,2686.322509765625,478.8351745605469,1595.8585205078125,3150.85595703125,2498.631591796875,257.9881591796875,1260.4083251953125,2565.799560546875,2317.24853515625,32.540748596191406,297.092041015625,1260.6888427734375,903.1690063476562,96.45880126953125,114.13018035888672,389.47509765625,522.6176147460938
267,4.450000,177.21484375,70.57926940917969,290.6573181152344,550.4046020507812,58.25639343261719,929.0543823242188,2031.1873779296875,1292.4486083984375,444.2193908691406,1545.1531982421875,3026.5693359375,2681.050048828125,475.2857971191406,1578.4212646484375,3135.140869140625,2494.920654296875,252.24319458007812,1251.8763427734375,2554.104248046875,2314.239013671875,35.141754150390625,300.0895690917969,1262.37939453125,910.2393188476562,97.29161834716797,109.08605194091797,387.4812316894531,520.8795166015625
268,4.466667,177.33106994628906,72.55427551269531,291.9520263671875,553.3507690429688,58.71965789794922,930.0088500976562,2034.349365234375,1295.2589111328125,442.6379699707031,1534.5540771484375,3021.29052734375,2683.0478515625,472.0412902832031,1567.9605712890625,3126.58642578125,2498.18603515625,259.0237731933594,1261.0052490234375,2560.85791015625,2330.51318359375,37.63238525390625,307.63006591796875,1267.692626953125,916.8053588867188,100.00718688964844,117.0597915649414,393.6863098144531,524.8644409179688
269,4.483333,169.0611572265625,65.88449096679688,268.424560546875,506.89910888671875,59.03071594238281,923.282958984375,2005.851806640625,1263.131591796875,439.60772705078125,1517.4405517578125,3027.25439453125,2663.917724609375,466.7895202636719,1535.1551513671875,3125.088623046875,2478.107421875,246.15869140625,1251.686279296875,2562.392333984375,2312.74462890625,42.81940460205078,312.3038024902344,1258.86328125,916.590576171875,98.70384979248047,100.88291931152344,369.4092712402344,496.65093994140625
270,4.500000,169.526611328125,62.74564743041992,270.94439697265625,525.6156616210938,59.650054931640625,921.2859497070312,2007.5245361328125,1290.47900390625,436.8418884277344,1509.447998046875,2999.686279296875,2675.140869140625,466.4446105957031,1536.7530517578125,3107.935302734375,2494.796142578125,251.51889038085938,1262.9979248046875,2563.19677734375,2339.328857421875,42.75806427001953,319.4019775390625,1272.0511474609375,933.5711669921875,103.6893081665039,110.87852478027344,384.30615234375,517.9703979492188
271,4.516667,174.8099365234375,68.24044799804688,288.8507080078125,553.8330078125,58.97649383544922,921.7434692382812,2031.0814208984375,1316.767333984375,437.6466064453125,1508.300048828125,3017.47705078125,2706.871337890625,464.4640808105469,1532.4052734375,3106.651611328125,2513.633544921875,253.92465209960938,1260.6441650390625,2563.540283203125,2361.79736328125,39.427268981933594,306.3875732421875,1252.3687744140625,933.050537109375,104.58082580566406,117.92063903808594,387.4301452636719,520.4906616210938
272,4.533333,175.31198120117188,67.67866516113281,292.5986328125,560.1749877929688,58.2022705078125,921.885009765625,2037.4481201171875,1326.9095458984375,435.60772705078125,1505.0174560546875,3016.612548828125,2717.179443359375,461.2889709472656,1527.5859375,3102.990966796875,2519.79833984375,252.19863891601562,1260.60205078125,2565.447509765625,2369.6923828125,37.98594665527344,302.7541809082031,1249.42138671875,935.98876953125,103.78184509277344,116.162841796875,386.1154479980469,519.5209350585938
273,4.550000,181.95045471191406,73.20073699951172,313.1081237792969,590.1170043945312,58.63053894042969,927.0305786132812,2059.161865234375,1348.525634765625,434.0469665527344,1510.8375244140625,3014.41748046875,2733.05029296875,457.02734375,1531.8822021484375,3094.252685546875,2526.385498046875,252.41818237304688,1254.2490234375,2555.6640625,2376.330078125,33.21577453613281,288.2101135253906,1239.548828125,934.9281005859375,102.4161376953125,120.53303527832031,397.42840576171875,529.9981079101562
274,4.566667,191.77276611328125,83.50121307373047,344.74365234375,631.1475830078125,62.240203857421875,933.0223999023438,2086.98583984375,1375.04248046875,433.39862060546875,1520.90185546875,3009.3369140625,2745.99462890625,451.1220397949219,1544.4410400390625,3088.353271484375,2530.114501953125,251.96014404296875,1240.65966796875,2541.511474609375,2381.0654296875,25.676841735839844,271.4354553222656,1234.6739501953125,936.3435668945312,100.29878234863281,130.39979553222656,420.7761535644531,551.9408569335938
275,4.583333,201.99411010742188,92.93988037109375,377.29302978515625,679.69921875,67.291259765625,938.9168701171875,2111.55078125,1402.4937744140625,434.04241943359375,1532.7747802734375,2995.095703125,2754.15625,448.2878723144531,1568.0704345703125,3084.515869140625,2535.520263671875,256.1654052734375,1237.89501953125,2535.59521484375,2390.97314453125,16.577239990234375,260.2350158691406,1235.2314453125,939.5614013671875,99.38092803955078,144.46316528320312,448.0208435058594,578.9852905273438
276,4.600000,210.09597778320312,97.56880950927734,395.50616455078125,714.5538940429688,73.0714111328125,944.6578979492188,2123.90673828125,1428.7564697265625,436.8112487792969,1543.866455078125,2976.343017578125,2765.066162109375,448.0909729003906,1584.6614990234375,3072.797607421875,2544.095458984375,257.46759033203125,1237.50927734375,2528.753173828125,2403.248046875,11.841691017150879,255.0891876220703,1233.3878173828125,945.0997314453125,100.33749389648438,151.59567260742188,461.33941650390625,598.01513671875
277,4.616667,221.99513244628906,108.48336791992188,412.0293884277344,753.3871459960938,80.1707534790039,950.3801879882812,2134.13623046875,1444.0064697265625,439.5335388183594,1558.4002685546875,2961.39013671875,2750.371826171875,449.8475646972656,1613.6627197265625,3063.018798828125,2529.32373046875,263.67431640625,1240.7496337890625,2522.323486328125,2403.798828125,8.873032569885254,251.93621826171875,1230.83544921875,952.7833862304688,105.49859619140625,170.55174255371094,483.9170227050781,626.907958984375
278,4.633333,227.2697296142578,111.51600646972656,422.2686462402344,779.0889282226562,81.9752197265625,947.2288208007812,2141.73583984375,1465.4825439453125,438.8625793457031,1558.446044921875,2951.603515625,2762.564453125,447.9364318847656,1618.7393798828125,3053.445556640625,2539.345703125,263.3125,1239.3109130859375,2520.81591796875,2420.69921875,6.398575305938721,245.1253204345703,1222.518310546875,962.7919921875,106.36067199707031,173.37818908691406,484.7047424316406,636.3097534179688
279,4.650000,236.49594116210938,116.520263671875,426.6645202636719,802.963134765625,90.35908508300781,944.7683715820312,2132.788818359375,1469.4356689453125,443.93414306640625,1565.346435546875,2921.599853515625,2744.619140625,449.401611328125,1633.3165283203125,3033.767822265625,2526.06494140625,267.2457580566406,1232.4930419921875,2507.974853515625,2418.38134765625,5.150421619415283,241.37252807617188,1218.865478515625,967.3442993164062,112.31449127197266,189.68096923828125,504.1428527832031,660.9166870117188
280,4.666667,232.85003662109375,118.73477172851562,436.6338806152344,800.3118286132812,80.18844604492188,941.5381469726562,2145.304443359375,1472.8031005859375,428.1243591308594,1538.389892578125,2934.88720703125,2762.68701171875,441.4095458984375,1609.4893798828125,3045.798095703125,2545.5166015625,258.2495422363281,1215.51904296875,2496.73486328125,2421.989013671875,4.7348408699035645,237.40640258789062,1210.9071044921875,965.4593505859375,107.80326843261719,181.81124877929688,497.6622619628906,645.7990112304688
281,4.683333,231.80670166015625,118.40706634521484,428.340087890625,784.0353393554688,77.28716278076172,939.2359619140625,2128.431396484375,1452.0274658203125,423.9140625,1522.17578125,2922.24365234375,2751.237548828125,440.7276916503906,1592.7691650390625,3045.675537109375,2546.94091796875,258.1933288574219,1209.9078369140625,2488.861083984375,2414.3203125,8.273324012756348,245.9731903076172,1215.8104248046875,957.87841796875,108.12533569335938,177.0172576904297,495.9173583984375,640.5541381835938
282,4.700000,228.06927490234375,115.02580261230469,420.32470703125,769.7225341796875,74.05657196044922,937.8079223632812,2124.95068359375,1448.5789794921875,420.730712890625,1511.107666015625,2928.0625,2755.849365234375,439.4045104980469,1580.2711181640625,3049.355224609375,2552.052978515625,256.5191345214844,1210.907470703125,2492.416259765625,2418.49072265625,11.224602699279785,252.27566528320312,1217.266357421875,961.515869140625,108.27020263671875,172.12069702148438,486.48785400390625,630.7109375
283,4.716667,226.73135375976562,112.77943420410156,413.945556640625,762.6655883789062,72.5339584350586,937.0864868164062,2119.14697265625,1444.12451171875,419.4613037109375,1505.1829833984375,2925.2685546875,2755.264404296875,440.3994445800781,1575.2476806640625,3050.320556640625,2556.289306640625,258.3497009277344,1215.892822265625,2495.859375,2421.0009765625,13.30465030670166,259.3117980957031,1222.35498046875,960.7274169921875,108.55852508544922,169.45748901367188,481.90325927734375,627.1802978515625
284,4.733333,228.81808471679688,114.76075744628906,419.96258544921875,771.5130004882812,74.56358337402344,940.0086059570312,2125.765869140625,1452.3946533203125,418.67645263671875,1508.4111328125,2921.051513671875,2755.72265625,436.0696716308594,1574.6011962890625,3039.286376953125,2549.275634765625,257.2017822265625,1214.5177001953125,2492.962646484375,2421.8623046875,11.694748878479004,254.11468505859375,1218.1785888671875,963.9305419921875,109.03614807128906,172.4440460205078,486.9774475097656,631.4188232421875
285,4.750000,229.7534942626953,113.51548767089844,421.03717041015625,779.7363891601562,81.16732025146484,943.7178955078125,2120.637939453125,1452.098388671875,427.6220397949219,1535.5390625,2912.06982421875,2743.03857421875,437.3656311035156,1594.3251953125,3028.385986328125,2531.823974609375,258.99346923828125,1221.374267578125,2502.901123046875,2416.3876953125,6.389214038848877,248.25341796875,1224.073974609375,963.7830810546875,109.98023223876953,180.42637634277344,500.4772644042969,649.1116333007812
286,4.766667,237.46368408203125,116.98443603515625,429.942138671875,813.3827514648438,88.70531463623047,943.1224365234375,2122.577880859375,1469.8660888671875,432.6067810058594,1552.0152587890625,2897.5869140625,2738.8271484375,436.44091796875,1612.5743408203125,3009.4111328125,2523.100830078125,264.6176452636719,1226.3875732421875,2510.683349609375,2431.7900390625,1.4133002758026123,240.18284606933594,1215.9896240234375,973.033935546875,114.12710571289062,197.19442749023438,512.4169311523438,672.8363647460938
287,4.783333,240.385009765625,118.80438995361328,437.2029113769531,825.9699096679688,90.41986846923828,941.8538208007812,2123.624755859375,1473.1043701171875,431.818115234375,1556.97265625,2890.17333984375,2743.2880859375,431.6247863769531,1615.8031005859375,3002.84716796875,2528.406494140625,266.0013732910156,1227.83740234375,2517.962646484375,2445.343994140625,-4.575820446014404,233.8430633544922,1214.389404296875,976.288818359375,112.302001953125,202.3346710205078,518.1420288085938,680.7958374023438
288,4.800000,249.26763916015625,122.2574691772461,441.3524169921875,839.6287231445312,98.14396667480469,940.3406982421875,2110.738525390625,1459.5035400390625,442.8966064453125,1577.939697265625,2871.050048828125,2728.10986328125,436.9381408691406,1638.8560791015625,2998.382080078125,2521.85986328125,273.4298095703125,1233.0220947265625,2523.461181640625,2441.0546875,-11.500151634216309,226.37855529785156,1217.809326171875,966.705322265625,112.36686706542969,210.7189178466797,532.6524047851562,698.5386352539062
289,4.816667,258.79241943359375,122.79149627685547,452.7129211425781,872.9495239257812,101.82366180419922,936.8733520507812,2118.51953125,1481.0987548828125,449.2313232421875,1597.7967529296875,2865.927001953125,2746.892578125,439.1969909667969,1661.6259765625,2996.095947265625,2541.099609375,274.251953125,1242.5732421875,2540.065185546875,2466.50146484375,-18.82404327392578,214.77420043945312,1213.2314453125,972.9360961914062,109.65874481201172,211.1082305908203,530.4517822265625,708.1627807617188
290,4.833333,267.65130615234375,125.90724182128906,448.8585510253906,886.6539916992188,110.00955963134766,937.6630859375,2110.832763671875,1479.7772216796875,457.5334777832031,1608.15380859375,2858.38720703125,2732.007080078125,441.0329895019531,1670.6278076171875,2989.189697265625,2527.203857421875,279.4508361816406,1244.38134765625,2546.33740234375,2468.16845703125,-17.71416473388672,216.68772888183594,1208.724365234375,975.39306640625,114.98977661132812,221.23509216308594,532.064208984375,721.561767578125
291,4.850000,266.6302795410156,122.70256042480469,448.3888854980469,890.5377807617188,106.89795684814453,932.5264282226562,2117.017578125,1488.75732421875,458.20562744140625,1613.164794921875,2876.23193359375,2751.18408203125,444.1882629394531,1685.4637451171875,3007.739501953125,2548.15869140625,279.15753173828125,1258.8726806640625,2567.867919921875,2488.337890625,-20.25969696044922,221.59326171875,1218.40478515625,987.015869140625,111.41427612304688,216.40521240234375,521.7156982421875,717.521484375
292,4.866667,269.14056396484375,122.57223510742188,438.45361328125,885.3587036132812,113.77117919921875,932.4994506835938,2107.317626953125,1477.2039794921875,467.8459777832031,1621.743408203125,2886.5791015625,2739.541259765625,450.4493103027344,1694.1766357421875,3017.411865234375,2537.033447265625,283.2900390625,1260.11181640625,2573.985107421875,2477.351806640625,-18.05072784423828,225.2820281982422,1218.54638671875,980.2619018554688,113.24325561523438,217.09519958496094,514.6326293945312,719.0972900390625
293,4.883333,271.5404052734375,124.83558654785156,447.677978515625,895.8279418945312,112.34690856933594,933.1084594726562,2118.33349609375,1486.8868408203125,466.5497131347656,1624.757568359375,2885.453125,2750.095703125,447.5401306152344,1696.6746826171875,3009.79150390625,2545.0400390625,281.6357421875,1267.237548828125,2577.330810546875,2488.28662109375,-22.625343322753906,221.4601287841797,1216.8572998046875,985.7173461914062,110.51502227783203,217.2201385498047,515.9854736328125,718.7476196289062
294,4.900000,272.3890075683594,121.03099060058594,430.7393798828125,886.6879272460938,118.80728912353516,931.3234252929688,2107.579345703125,1478.2520751953125,476.6641540527344,1631.0413818359375,2895.16162109375,2740.623779296875,454.3652648925781,1705.1556396484375,3019.006103515625,2534.552978515625,285.0840759277344,1271.1005859375,2584.396484375,2478.0263671875,-18.764144897460938,226.80252075195312,1217.730712890625,979.9332885742188,112.1561279296875,213.49034118652344,502.3821105957031,716.0601196289062
295,4.916667,270.6458740234375,122.66253662109375,436.0149841308594,881.2007446289062,116.42208099365234,934.1104125976562,2112.630126953125,1475.3345947265625,471.8691101074219,1628.637451171875,2902.724853515625,2749.39697265625,449.0429992675781,1697.6107177734375,3023.376220703125,2543.73388671875,282.6419982910156,1273.19287109375,2589.77587890625,2485.97314453125,-21.16132354736328,227.4754638671875,1219.607666015625,980.3294067382812,108.82262420654297,213.510009765625,505.4686584472656,710.7518920898438
296,4.933333,268.31890869140625,124.15412902832031,447.2091979980469,878.5905151367188,107.7091293334961,935.4154663085938,2112.2470703125,1473.2572021484375,459.8504333496094,1615.515625,2869.9560546875,2746.269287109375,440.6214904785156,1677.9779052734375,2994.193603515625,2540.830322265625,278.3912048339844,1267.2210693359375,2567.790771484375,2481.94921875,-22.635963439941406,222.0133514404297,1216.1337890625,974.7335815429688,108.85325622558594,215.19210815429688,523.4955444335938,710.4602661132812
297,4.950000,269.40869140625,120.49958801269531,431.888916015625,875.0499267578125,114.62580108642578,931.8980102539062,2105.492919921875,1468.8211669921875,471.87371826171875,1625.295654296875,2888.12158203125,2738.503173828125,447.3945617675781,1687.3304443359375,3005.44189453125,2532.95751953125,285.2953186035156,1281.2352294921875,2593.376220703125,2488.39404296875,-18.982460021972656,232.6294403076172,1223.8218994140625,981.1199951171875,111.64408111572266,216.1190185546875,508.4220275878906,711.0599365234375
298,4.966667,274.61956787109375,120.64596557617188,436.886962890625,887.3317260742188,120.61909484863281,931.5670776367188,2109.39697265625,1468.9112548828125,480.9767761230469,1646.7822265625,2891.26318359375,2739.814697265625,446.2774353027344,1703.7840576171875,3004.301025390625,2528.166748046875,284.492919921875,1286.5758056640625,2606.134033203125,2486.032470703125,-28.464569091796875,215.07073974609375,1214.5860595703125,968.8882446289062,106.83697509765625,216.26966857910156,508.6324462890625,710.4085693359375
299,4.983333,280.744384765625,119.04898071289062,450.64691162109375,911.822265625,123.11680603027344,924.4570922851562,2116.723876953125,1483.5894775390625,490.063232421875,1671.0709228515625,2891.1953125,2758.85888671875,449.8644714355469,1726.7169189453125,3005.115966796875,2543.413818359375,286.6181640625,1297.304931640625,2623.85205078125,2497.64990234375,-40.22106170654297,193.61610412597656,1206.6536865234375,958.5286865234375,101.47019958496094,216.95896911621094,510.69451904296875,711.7953491210938
300,5.000000,280.4148254394531,113.32891082763672,433.98101806640625,910.9495239257812,126.7715072631836,914.4672241210938,2103.164306640625,1480.306640625,502.19708251953125,1685.632080078125,2913.19287109375,2753.959716796875,463.0377502441406,1750.7845458984375,3030.53662109375,2544.514892578125,293.3020935058594,1315.6875,2654.189453125,2504.56884765625,-37.41678237915039,199.97549438476562,1210.821044921875,963.4930419921875,104.49027252197266,215.34884643554688,492.99407958984375,714.70751953125
301,5.016667,281.9095153808594,115.87931823730469,448.30694580078125,923.6364135742188,126.68334197998047,910.1867065429688,2106.214599609375,1485.2406005859375,504.1894836425781,1693.1199951171875,2913.60205078125,2762.592041015625,460.4383544921875,1754.9100341796875,3032.87890625,2549.8935546875,294.29547119140625,1312.4215087890625,2655.689697265625,2507.564208984375,-44.97760009765625,182.54029846191406,1199.1617431640625,952.7876586914062,101.00601196289062,218.1811065673828,501.70306396484375,714.2131958007812
302,5.033333,284.57049560546875,114.90650177001953,457.84930419921875,936.6187133789062,128.8840789794922,899.0692749023438,2098.083251953125,1483.0155029296875,510.91412353515625,1705.62109375,2907.726806640625,2770.052978515625,459.5376892089844,1762.9049072265625,3034.857666015625,2559.611083984375,299.0292663574219,1318.3468017578125,2668.794189453125,2514.762451171875,-54.08898162841797,162.82882690429688,1190.39111328125,941.7655029296875,97.42616271972656,219.61514282226562,506.323974609375,716.2064208984375
303,5.050000,295.1120910644531,110.3844223022461,460.1708068847656,979.7793579101562,135.9845428466797,867.6007690429688,2074.525146484375,1503.5948486328125,523.6895141601562,1705.72314453125,2879.134033203125,2752.709228515625,472.6123352050781,1772.035888671875,3002.268798828125,2541.5810546875,312.1741027832031,1325.7525634765625,2658.232666015625,2511.48828125,-54.39152526855469,149.05172729492188,1173.528564453125,949.5599365234375,110.57122802734375,241.1800537109375,518.5321655273438,749.9835815429688
304,5.066667,294.2589111328125,111.78104400634766,478.7180480957031,992.9375,135.20626831054688,862.0305786132812,2079.017578125,1508.5418701171875,529.0194702148438,1714.914794921875,2872.6552734375,2754.516357421875,475.2204284667969,1779.5423583984375,3000.006591796875,2535.083251953125,314.8214416503906,1313.8642578125,2649.542236328125,2500.761474609375,-61.787620544433594,126.85733795166016,1169.145751953125,940.7701416015625,109.77685546875,249.27940368652344,542.20068359375,763.068603515625
305,5.083333,291.28582763671875,106.81552124023438,471.31182861328125,978.2728881835938,133.0862274169922,856.861328125,2067.9765625,1499.68798828125,532.8661499023438,1715.101318359375,2859.74951171875,2751.650634765625,477.2757873535156,1786.0804443359375,3000.328369140625,2532.94140625,319.0420227050781,1327.55126953125,2656.23095703125,2501.983642578125,-62.20642852783203,131.5348663330078,1175.904541015625,936.4154052734375,108.3386001586914,250.93678283691406,548.5545654296875,757.1082153320312
306,5.100000,292.7380065917969,102.3873519897461,452.6070556640625,974.2177124023438,134.9247283935547,845.0336303710938,2043.485107421875,1492.259765625,538.486572265625,1706.55322265625,2844.865478515625,2727.9501953125,488.1745910644531,1780.9820556640625,2982.425048828125,2515.406494140625,327.7311096191406,1332.733642578125,2648.604736328125,2497.93603515625,-53.63121032714844,146.70217895507812,1182.036865234375,953.462158203125,118.02796936035156,261.82305908203125,546.736083984375,774.5852661132812
307,5.116667,289.1444091796875,101.13528442382812,452.3772888183594,972.4818115234375,134.99681091308594,845.1119384765625,2043.3138427734375,1494.0343017578125,535.2846069335938,1702.8179931640625,2838.82275390625,2729.843017578125,480.1921081542969,1774.9276123046875,2979.67919921875,2512.512451171875,322.93341064453125,1318.5072021484375,2636.178466796875,2491.154296875,-55.57700729370117,135.0313720703125,1169.7838134765625,947.19580078125,116.02465057373047,260.1242370605469,548.5694580078125,772.8648071289062
308,5.133333,295.2238464355469,104.64387512207031,455.6216735839844,977.5630493164062,136.41294860839844,847.6267700195312,2043.90576171875,1491.021728515625,536.7705078125,1702.5693359375,2828.16748046875,2723.746826171875,486.0848693847656,1773.67822265625,2967.28759765625,2510.443359375,323.55731201171875,1313.7880859375,2621.18603515625,2478.4130859375,-54.401641845703125,133.10609436035156,1164.784912109375,937.0630493164062,117.69607543945312,257.9404296875,548.4594116210938,770.9810791015625
309,5.150000,283.98162841796875,99.1026840209961,452.782958984375,959.8212280273438,126.59490203857422,825.3643188476562,2025.5716552734375,1473.8360595703125,544.4867553710938,1697.86181640625,2829.2353515625,2705.280029296875,501.6262512207031,1778.5487060546875,2973.314208984375,2493.3583984375,334.9963684082031,1321.8963623046875,2616.747802734375,2462.4140625,-53.30497741699219,134.80186462402344,1179.173828125,946.5952758789062,123.33354949951172,270.7283935546875,568.6370239257812,783.5014038085938
310,5.166667,290.0445251464844,99.43516540527344,437.77197265625,967.8057861328125,135.26455688476562,838.802490234375,2028.9185791015625,1486.3756103515625,538.1756591796875,1690.714599609375,2819.54638671875,2705.06396484375,489.3736877441406,1763.3353271484375,2951.4990234375,2491.378662109375,333.0822448730469,1326.679443359375,2620.4931640625,2477.7421875,-45.605770111083984,146.25245666503906,1170.6837158203125,950.625,125.82318878173828,266.8072204589844,548.6943969726562,779.16015625
311,5.183333,279.51654052734375,94.50653076171875,444.6597900390625,964.3882446289062,126.34603118896484,812.0321655273438,2016.482666015625,1476.3944091796875,544.546875,1684.178466796875,2827.35888671875,2696.316162109375,502.1764221191406,1765.3939208984375,2959.340576171875,2485.0419921875,336.50225830078125,1317.0709228515625,2610.470947265625,2459.4345703125,-51.24432373046875,135.63172912597656,1178.162353515625,952.0548095703125,129.85372924804688,278.3207092285156,571.0592651367188,793.6890258789062
312,5.200000,285.8697509765625,95.86042785644531,457.3518371582031,977.104736328125,130.28399658203125,802.1902465820312,2010.6265869140625,1475.951904296875,558.6686401367188,1699.453369140625,2817.90380859375,2699.4521484375,508.14312744140625,1778.3280029296875,2954.140380859375,2480.1298828125,342.98199462890625,1319.4349365234375,2604.066650390625,2451.52001953125,-59.261260986328125,115.76284790039062,1168.76708984375,938.09130859375,127.58848571777344,278.52264404296875,580.642822265625,793.9995727539062
313,5.216667,278.41900634765625,77.72550964355469,421.7806396484375,955.231201171875,132.60125732421875,748.6062622070312,1945.8878173828125,1430.511474609375,594.4039306640625,1704.422607421875,2815.70166015625,2633.70947265625,550.7766723632812,1809.7169189453125,2961.068603515625,2437.308837890625,375.0116271972656,1373.645263671875,2640.928955078125,2428.5205078125,-51.9765625,146.76214599609375,1208.8009033203125,951.9691772460938,149.22901916503906,321.3885498046875,607.2802124023438,831.0297241210938
314,5.233333,283.1979064941406,82.41641235351562,439.0283203125,978.6022338867188,135.80271911621094,751.3648681640625,1955.993408203125,1443.9578857421875,594.1885375976562,1711.93994140625,2818.92138671875,2651.5859375,543.7970581054688,1816.1922607421875,2967.48779296875,2449.45849609375,368.9631042480469,1359.9461669921875,2649.316650390625,2441.93310546875,-60.858184814453125,130.2851104736328,1199.806884765625,945.92626953125,146.74623107910156,323.1871337890625,614.212890625,836.13232421875
315,5.250000,278.87823486328125,85.56439208984375,446.09979248046875,965.0298461914062,132.6219024658203,731.3292236328125,1933.9993896484375,1407.5977783203125,602.1717529296875,1709.890625,2814.39990234375,2615.504150390625,558.0706176757812,1820.7064208984375,2976.16796875,2427.0341796875,375.6752014160156,1347.963134765625,2635.511474609375,2400.67333984375,-64.64604949951172,126.90689086914062,1219.899658203125,930.4409790039062,152.14459228515625,344.7271423339844,655.2466430664062,853.8906860351562
316,5.266667,287.66668701171875,84.80876159667969,442.6835632324219,982.3550415039062,139.37498474121094,729.5681762695312,1923.7049560546875,1412.4700927734375,607.329345703125,1714.546630859375,2803.971435546875,2620.201171875,554.6480102539062,1827.2806396484375,2971.984619140625,2432.302490234375,379.9086608886719,1361.043212890625,2665.826416015625,2432.334716796875,-66.86275482177734,126.88772583007812,1214.8751220703125,934.3826293945312,153.3258819580078,345.428466796875,645.3241577148438,857.5401000976562
317,5.283333,281.2164306640625,84.070068359375,443.7888488769531,964.6739501953125,138.5835418701172,704.6925659179688,1898.8516845703125,1373.6492919921875,617.6392822265625,1720.43896484375,2818.74658203125,2581.75146484375,569.7674560546875,1835.7359619140625,2995.713134765625,2409.672607421875,385.22711181640625,1356.9189453125,2662.8525390625,2384.253662109375,-67.96356201171875,124.57316589355469,1234.9365234375,921.040771484375,154.88551330566406,351.4407958984375,660.7793579101562,866.2666625976562
318,5.300000,291.847900390625,86.99208068847656,449.0574951171875,991.0095825195312,147.83087158203125,711.577392578125,1900.0074462890625,1389.0272216796875,619.186767578125,1728.44580078125,2811.998046875,2595.44287109375,559.29931640625,1836.309814453125,2986.422607421875,2418.101318359375,382.948486328125,1352.6702880859375,2676.320068359375,2411.91064453125,-71.16236877441406,114.027587890625,1219.12353515625,921.0733642578125,152.52780151367188,345.9756164550781,649.087646484375,865.378662109375
319,5.316667,288.4923400878906,87.45914459228516,444.9183349609375,970.9690551757812,144.5062713623047,708.2147827148438,1895.679931640625,1362.8692626953125,625.848876953125,1739.015625,2833.3466796875,2575.1328125,573.4957275390625,1847.3096923828125,3012.251953125,2409.490966796875,386.3040466308594,1357.30078125,2677.315673828125,2379.69189453125,-69.42583465576172,121.26356506347656,1238.5921630859375,911.842041015625,149.7528076171875,337.78570556640625,645.6121215820312,859.5899047851562
320,5.333333,300.14825439453125,92.4236068725586,450.6189270019531,993.8734130859375,150.87864685058594,730.2393798828125,1913.2635498046875,1390.8599853515625,618.2694702148438,1740.706787109375,2829.029296875,2610.315673828125,557.492431640625,1841.1334228515625,3004.350341796875,2436.383544921875,375.9305725097656,1347.3211669921875,2673.042236328125,2410.50341796875,-71.04823303222656,112.50894165039062,1213.83203125,909.743408203125,144.0247802734375,319.75189208984375,624.590087890625,845.8319702148438
321,5.350000,295.4837646484375,94.28756713867188,447.88970947265625,971.0662841796875,150.39556884765625,726.7962646484375,1907.5897216796875,1359.8629150390625,624.5665893554688,1745.662353515625,2843.8017578125,2579.118896484375,569.481689453125,1842.717529296875,3018.900634765625,2415.049560546875,379.889892578125,1345.5484619140625,2660.328369140625,2365.1533203125,-68.62647247314453,114.75114440917969,1225.6910400390625,895.7955322265625,143.6676483154297,317.70831298828125,627.88916015625,843.3375854492188
322,5.366667,305.2581481933594,94.37858581542969,448.8642272949219,992.8116455078125,157.18788146972656,732.3515014648438,1905.0216064453125,1374.849365234375,629.3759765625,1751.04541015625,2822.6982421875,2585.844482421875,562.3778076171875,1843.760498046875,2995.9814453125,2413.548583984375,381.4247741699219,1351.41796875,2668.560791015625,2390.79052734375,-69.33818054199219,114.56948852539062,1214.221435546875,900.3912353515625,143.45782470703125,318.06903076171875,621.95654296875,842.914306640625
323,5.383333,300.61444091796875,94.62987518310547,450.4529724121094,979.6672973632812,156.64517211914062,725.2325439453125,1904.327392578125,1353.298583984375,636.3553466796875,1756.1580810546875,2838.6689453125,2561.44384765625,573.3707275390625,1849.1827392578125,3011.353515625,2396.6708984375,387.7869873046875,1357.38818359375,2672.565673828125,2361.32080078125,-68.70591735839844,117.16934967041016,1229.628662109375,893.5651245117188,144.08258056640625,321.1329650878906,626.2161865234375,844.7965087890625
324,5.400000,314.400634765625,98.27630615234375,454.3779296875,1004.4480590820312,164.25851440429688,749.356689453125,1922.3218994140625,1383.4903564453125,635.576416015625,1765.79248046875,2833.498046875,2596.894287109375,560.7072143554688,1848.779052734375,2998.514892578125,2421.305908203125,384.9042663574219,1369.5474853515625,2693.116943359375,2410.4873046875,-70.82687377929688,118.17108154296875,1210.197998046875,900.3892822265625,139.50079345703125,310.3202209472656,603.611572265625,831.7194213867188
325,5.416667,306.00543212890625,94.44784545898438,453.0689697265625,990.1172485351562,157.0313262939453,729.9072265625,1909.6138916015625,1362.5328369140625,638.1552734375,1761.717041015625,2835.78369140625,2571.099853515625,573.0497436523438,1855.1517333984375,3009.171630859375,2405.037353515625,389.219970703125,1369.8441162109375,2684.394775390625,2375.54150390625,-69.52738952636719,121.70612335205078,1230.4141845703125,893.521728515625,142.16078186035156,317.04302978515625,619.27587890625,839.5296020507812
326,5.433333,315.65863037109375,98.55523681640625,459.8695983886719,1011.3173828125,166.0287322998047,743.721435546875,1919.2218017578125,1385.0738525390625,639.007080078125,1762.7054443359375,2823.42236328125,2595.192626953125,561.83056640625,1848.4329833984375,2990.102294921875,2419.55224609375,385.3135681152344,1366.1396484375,2687.453369140625,2407.897705078125,-73.00767517089844,115.29728698730469,1210.415771484375,895.6188354492188,139.1416473388672,312.81707763671875,610.8685302734375,832.8927612304688
327,5.450000,308.2569885253906,96.55524444580078,465.8918151855469,1007.594482421875,159.6426544189453,717.0481567382812,1903.7049560546875,1364.277587890625,644.25927734375,1760.091796875,2822.739501953125,2561.099365234375,575.8980712890625,1857.1156005859375,2998.169677734375,2396.759765625,392.7524108886719,1367.4718017578125,2683.551513671875,2372.3427734375,-73.43330383300781,115.364990234375,1232.833251953125,890.8171997070312,144.53199768066406,328.3636169433594,635.1925659179688,849.5004272460938
328,5.466667,320.5118408203125,103.6273193359375,476.9172058105469,1035.119873046875,165.99342346191406,742.5867309570312,1925.8753662109375,1397.5255126953125,637.4369506835938,1759.239990234375,2803.92333984375,2593.861572265625,561.3142700195312,1851.0145263671875,2974.02685546875,2418.80126953125,387.1954650878906,1362.951416015625,2684.147216796875,2413.001953125,-77.56749725341797,110.59447479248047,1213.780029296875,894.5045166015625,141.09329223632812,325.70501708984375,631.9564208984375,843.3922729492188
329,5.483333,319.4781799316406,107.10357666015625,477.56982421875,1026.3580322265625,161.6797332763672,742.0367431640625,1923.7784423828125,1385.5750732421875,633.2907104492188,1759.180419921875,2808.082275390625,2583.047119140625,565.8212280273438,1852.9185791015625,2985.419189453125,2414.970458984375,387.6753234863281,1358.76708984375,2672.6748046875,2391.60498046875,-74.20855712890625,112.50680541992188,1221.1654052734375,888.8363647460938,143.0938720703125,326.4983215332031,639.2996826171875,847.2382202148438
330,5.500000,329.086669921875,112.9468002319336,476.15570068359375,1031.2496337890625,171.2786407470703,781.8191528320312,1951.4017333984375,1409.7222900390625,621.88671875,1756.990234375,2794.104736328125,2606.851806640625,546.6636962890625,1835.5330810546875,2962.19970703125,2428.142822265625,374.8883361816406,1344.5120849609375,2659.7294921875,2416.08251953125,-71.76864624023438,114.05123901367188,1201.77392578125,892.245361328125,136.7840576171875,310.5733642578125,622.0279541015625,831.0338745117188
331,5.516667,329.2622985839844,115.15640258789062,474.2684020996094,1028.72265625,172.4193878173828,791.9120483398438,1956.997314453125,1410.9119873046875,617.9264526367188,1755.07568359375,2794.2724609375,2607.894775390625,540.7344360351562,1827.705810546875,2958.989013671875,2426.208251953125,371.81182861328125,1336.86376953125,2653.867919921875,2417.728515625,-70.87464904785156,111.1795654296875,1191.58203125,892.5327758789062,136.2919921875,308.72161865234375,618.3555908203125,827.9800415039062
332,5.533333,330.58026123046875,117.78727722167969,472.0457763671875,1023.3582763671875,173.32725524902344,807.11279296875,1969.855712890625,1413.7239990234375,612.5640869140625,1755.44189453125,2798.75,2608.8984375,537.9227905273438,1824.185302734375,2959.321533203125,2425.556640625,368.01080322265625,1334.255859375,2647.205078125,2412.5654296875,-66.3692398071289,117.56364440917969,1190.697021484375,891.1690673828125,134.51358032226562,300.9384460449219,608.9698486328125,819.5542602539062
333,5.550000,329.4468688964844,120.41021728515625,468.0446472167969,1013.7166137695312,175.8498992919922,827.9160766601562,1982.497802734375,1416.2017822265625,602.63232421875,1750.6123046875,2797.2060546875,2612.414306640625,525.114990234375,1812.635009765625,2954.958740234375,2424.211181640625,360.2526550292969,1326.349365234375,2643.341064453125,2415.427978515625,-64.20726013183594,119.21075439453125,1183.0390625,891.0999145507812,131.533935546875,294.69024658203125,602.9100341796875,810.7301635742188
334,5.566667,329.470947265625,122.57122802734375,463.4266052246094,1005.9785766601562,175.22833251953125,848.4951782226562,1994.955322265625,1420.5703125,592.523193359375,1747.72802734375,2792.86474609375,2613.616455078125,516.4188232421875,1803.2625732421875,2948.667236328125,2422.911376953125,353.3294677734375,1321.780517578125,2637.555908203125,2416.577880859375,-60.15176773071289,127.23944091796875,1185.272705078125,894.7987060546875,129.6930389404297,287.333984375,596.9136962890625,804.6366577148438
335,5.583333,325.6106872558594,123.78697204589844,455.761474609375,991.4146118164062,173.14971923828125,859.9136352539062,2000.697509765625,1415.2076416015625,586.89306640625,1745.773193359375,2801.074462890625,2611.22705078125,514.2326049804688,1799.633544921875,2956.382568359375,2420.77880859375,350.5358581542969,1320.22998046875,2637.8212890625,2411.9990234375,-56.035091400146484,134.06588745117188,1189.89013671875,896.9393310546875,129.44972229003906,283.6358337402344,592.2550048828125,800.8075561523438
336,5.600000,328.98651123046875,124.99795532226562,448.86724853515625,986.1676635742188,178.0924530029297,873.7360229492188,2003.6827392578125,1415.8284912109375,586.2556762695312,1748.1348876953125,2795.96630859375,2612.208740234375,509.9183349609375,1795.491943359375,2949.181884765625,2419.8857421875,347.9753723144531,1319.7347412109375,2637.9541015625,2418.60791015625,-52.80373001098633,138.85311889648438,1185.612060546875,899.6788330078125,127.43367004394531,276.09832763671875,580.5636596679688,793.68017578125
337,5.616667,330.98016357421875,125.44953155517578,446.9864501953125,987.1611938476562,179.78399658203125,881.1469116210938,2008.9014892578125,1420.93310546875,583.9719848632812,1749.9365234375,2795.228759765625,2615.330078125,506.2619323730469,1793.5745849609375,2945.31494140625,2421.198486328125,345.66375732421875,1320.1068115234375,2639.723876953125,2423.988037109375,-50.61967086791992,141.41323852539062,1183.9266357421875,902.2406005859375,126.53202819824219,272.22698974609375,574.3223266601562,790.3453979492188
338,5.633333,329.65228271484375,125.75502014160156,443.43145751953125,979.91455078125,178.849609375,887.8932495117188,2011.5186767578125,1419.5955810546875,579.01513671875,1743.335205078125,2787.696533203125,2611.05859375,502.9619445800781,1785.484619140625,2934.818115234375,2415.638427734375,342.70233154296875,1313.243896484375,2625.336669921875,2416.8740234375,-47.230350494384766,146.48133850097656,1183.741455078125,902.0613403320312,126.04806518554688,269.31927490234375,572.4681396484375,786.720458984375
339,5.650000,330.901123046875,128.01409912109375,443.27850341796875,977.1889038085938,180.39085388183594,901.5067138671875,2023.70703125,1426.2532958984375,571.43408203125,1735.58251953125,2780.3681640625,2611.031005859375,496.5941162109375,1773.518310546875,2920.3603515625,2411.585693359375,337.01458740234375,1300.4979248046875,2606.291748046875,2410.93994140625,-42.561885833740234,152.67137145996094,1183.2305908203125,903.6834106445312,125.56732940673828,264.4556884765625,568.3953857421875,782.6641235351562
340,5.666667,333.35235595703125,129.9575653076172,441.52825927734375,973.875,182.0254669189453,908.6065063476562,2026.4322509765625,1427.881103515625,568.3570556640625,1728.799072265625,2771.699462890625,2608.090087890625,495.1015319824219,1765.6669921875,2911.158935546875,2407.787841796875,335.31353759765625,1292.8935546875,2593.064208984375,2406.430908203125,-37.96287536621094,160.52978515625,1186.2711181640625,906.80078125,127.6471939086914,264.35626220703125,569.1895751953125,783.8154296875
341,5.683333,334.39990234375,132.40892028808594,440.275146484375,970.9876098632812,184.40802001953125,912.9826049804688,2024.3045654296875,1426.0706787109375,566.2022705078125,1721.8974609375,2761.214599609375,2600.9052734375,492.1615905761719,1756.99072265625,2901.108642578125,2399.766357421875,333.0614013671875,1281.803466796875,2577.664306640625,2399.35693359375,-35.16084289550781,162.76971435546875,1185.453369140625,909.5574951171875,130.73728942871094,268.3080749511719,576.1434326171875,789.11572265625
342,5.700000,335.8467102050781,133.6655731201172,439.01806640625,969.4535522460938,186.1126708984375,915.2109985351562,2021.280517578125,1426.90869140625,563.4888305664062,1714.805908203125,2749.03955078125,2597.966552734375,489.539306640625,1748.1324462890625,2889.209716796875,2397.984130859375,331.862060546875,1274.407958984375,2563.507568359375,2398.17822265625,-32.68189239501953,164.91038513183594,1184.4990234375,912.7791748046875,132.4971466064453,270.38385009765625,582.0706176757812,792.1945190429688
343,5.716667,331.36328125,131.47357177734375,433.35064697265625,961.8037719726562,182.4654998779297,914.4962768554688,2018.6634521484375,1431.5123291015625,556.21826171875,1699.0208740234375,2736.961181640625,2599.985595703125,484.0968933105469,1733.646484375,2876.86962890625,2399.202880859375,328.6563720703125,1268.3004150390625,2549.263916015625,2403.15185546875,-27.884422302246094,171.65213012695312,1183.4921875,923.2308349609375,134.97007751464844,271.7203063964844,584.4566650390625,791.7379760742188
344,5.733333,329.3927917480469,130.08267211914062,425.1085510253906,951.2415161132812,182.9075164794922,919.445068359375,2018.0509033203125,1435.705322265625,550.5076293945312,1683.5247802734375,2721.666259765625,2601.12255859375,478.5426940917969,1716.8446044921875,2858.5205078125,2399.118896484375,326.27520751953125,1262.7691650390625,2531.653076171875,2409.215576171875,-21.730121612548828,181.48370361328125,1182.8016357421875,934.8699951171875,136.84463500976562,271.6472473144531,585.4913330078125,788.8925170898438
345,5.750000,325.75311279296875,128.9359893798828,422.5352478027344,938.9877319335938,178.18345642089844,923.9525756835938,2019.3856201171875,1438.810791015625,536.8087158203125,1663.818359375,2701.74609375,2609.096435546875,466.6940612792969,1692.1036376953125,2838.090576171875,2406.82275390625,318.7221374511719,1250.6480712890625,2508.595458984375,2413.86328125,-18.285202026367188,186.1648712158203,1181.461669921875,940.7003173828125,135.7459259033203,265.3221435546875,585.590087890625,781.3445434570312
346,5.766667,320.693603515625,125.90868377685547,425.1754150390625,930.9700927734375,170.66661071777344,926.550048828125,2025.27197265625,1449.2213134765625,522.546875,1640.182861328125,2671.53466796875,2616.32666015625,453.6347961425781,1662.6529541015625,2800.486083984375,2405.381591796875,311.154296875,1241.2425537109375,2480.253173828125,2418.81494140625,-16.373950958251953,188.27325439453125,1176.948974609375,952.0689697265625,135.11900329589844,266.1180725097656,594.410888671875,776.2302856445312
347,5.783333,315.600341796875,121.81056213378906,403.5914306640625,913.6602783203125,174.94174194335938,921.1774291992188,2014.1990966796875,1434.9549560546875,533.45556640625,1646.4144287109375,2706.97119140625,2613.067626953125,463.3038330078125,1677.6727294921875,2835.301025390625,2405.191162109375,315.1532287597656,1250.7633056640625,2497.308837890625,2416.685791015625,-11.689986228942871,202.7033233642578,1182.687255859375,958.4066162109375,136.75994873046875,264.976318359375,575.6329956054688,775.2886352539062
348,5.800000,302.8175048828125,116.28109741210938,410.374267578125,904.121337890625,159.2334442138672,913.7510375976562,2021.2738037109375,1453.0657958984375,515.2090454101562,1616.6451416015625,2681.6923828125,2629.6669921875,447.9158630371094,1646.3626708984375,2805.807373046875,2410.053466796875,304.1700744628906,1236.6607666015625,2467.278076171875,2424.39111328125,-9.809325218200684,201.54457092285156,1180.242919921875,974.5374145507812,134.28689575195312,261.4474792480469,584.0079345703125,764.9489135742188
349,5.816667,297.9064025878906,113.32324981689453,386.17120361328125,882.561279296875,163.120361328125,913.8598022460938,2009.28759765625,1434.8995361328125,522.1590576171875,1618.5635986328125,2710.449951171875,2622.534912109375,453.9348449707031,1654.7200927734375,2836.059326171875,2408.592529296875,306.9039306640625,1244.3028564453125,2479.678466796875,2419.97802734375,-3.689276933670044,217.1817169189453,1184.9326171875,977.7003173828125,137.32644653320312,260.1830749511719,567.2368774414062,762.2158203125
350,5.833333,284.6243591308594,117.72356414794922,407.67529296875,878.0431518554688,146.37518310546875,914.2334594726562,2030.0682373046875,1449.2113037109375,495.2726135253906,1570.893310546875,2696.5,2638.790283203125,434.4674377441406,1605.392333984375,2813.80224609375,2415.005126953125,288.5244140625,1201.05419921875,2433.673828125,2415.126953125,-5.402472972869873,203.56198120117188,1170.4984130859375,978.3888549804688,134.69732666015625,262.92279052734375,589.4656982421875,750.3762817382812
351,5.850000,282.26495361328125,118.3427505493164,404.5416259765625,867.0222778320312,144.47621154785156,913.0821533203125,2022.7369384765625,1438.439208984375,491.7168884277344,1558.8255615234375,2685.55224609375,2627.438232421875,433.210205078125,1595.3502197265625,2807.198486328125,2407.179931640625,285.52838134765625,1188.2669677734375,2418.215087890625,2403.11474609375,-3.8192131519317627,206.07057189941406,1173.285400390625,977.3008422851562,135.8717498779297,264.4538269042969,597.3715209960938,750.358154296875
352,5.866667,282.21630859375,118.39076232910156,406.47247314453125,866.8390502929688,145.38775634765625,910.8164672851562,2019.1712646484375,1436.8446044921875,491.70611572265625,1550.2415771484375,2670.777587890625,2619.96142578125,428.8533630371094,1584.4459228515625,2789.436279296875,2395.392333984375,285.1658020019531,1182.311279296875,2406.3447265625,2399.901611328125,-4.989985942840576,203.69082641601562,1169.6846923828125,979.7550048828125,136.70608520507812,270.9153137207031,607.2001342773438,753.2760009765625
353,5.883333,288.6014709472656,116.86804962158203,404.00933837890625,877.7850952148438,151.82960510253906,911.61669921875,2016.6839599609375,1440.764404296875,499.3433532714844,1566.4677734375,2665.98486328125,2621.340087890625,433.1534118652344,1601.2198486328125,2788.105224609375,2398.43310546875,290.7014465332031,1192.3275146484375,2415.506103515625,2406.3583984375,-7.356349468231201,201.00726318359375,1167.8125,977.4793701171875,135.19598388671875,268.8196716308594,599.6763305664062,757.8447265625
354,5.900000,278.8115234375,115.79693603515625,399.9535827636719,856.3777465820312,146.13584899902344,907.0030517578125,2009.83154296875,1427.0003662109375,492.64605712890625,1541.4638671875,2657.6943359375,2609.053466796875,425.98760986328125,1574.46142578125,2775.88037109375,2383.826904296875,286.8245544433594,1180.58740234375,2397.42431640625,2395.14111328125,-4.525939464569092,203.91091918945312,1167.127685546875,980.1690673828125,136.2852783203125,273.2571105957031,609.7072143554688,751.3924560546875
355,5.916667,279.5858154296875,103.54595947265625,384.3609924316406,853.5189208984375,149.68911743164062,897.8674926757812,1995.606201171875,1437.2393798828125,502.74176025390625,1554.3770751953125,2634.0283203125,2612.742919921875,430.4258117675781,1587.8341064453125,2757.45263671875,2383.414794921875,296.91961669921875,1212.827880859375,2412.511962890625,2413.99853515625,-0.025794271379709244,214.13095092773438,1175.839599609375,994.87109375,137.28131103515625,267.91326904296875,595.5122680664062,751.3453369140625
356,5.933333,283.34765625,105.58633422851562,374.65777587890625,852.5778198242188,161.2241668701172,898.6666870117188,1986.6492919921875,1423.7991943359375,517.7060546875,1571.358642578125,2653.685546875,2605.528076171875,435.0794677734375,1605.5889892578125,2773.853271484375,2374.815185546875,302.5106201171875,1221.7017822265625,2431.276123046875,2415.940673828125,-3.294997453689575,216.450439453125,1174.3531494140625,998.2476806640625,136.9373779296875,277.5902404785156,592.8153686523438,762.0675659179688
357,5.950000,280.82208251953125,100.98043823242188,373.061279296875,849.6299438476562,160.3529510498047,897.3560180664062,1989.0152587890625,1431.3736572265625,518.53271484375,1569.93408203125,2642.522216796875,2611.4521484375,433.7890625,1601.7144775390625,2756.310791015625,2373.175537109375,306.42755126953125,1234.2069091796875,2433.0048828125,2424.70361328125,-2.711097002029419,216.67027282714844,1171.423828125,999.8126220703125,135.44888305664062,274.3447265625,586.801513671875,753.5850219726562
358,5.966667,275.3233642578125,99.98206329345703,361.85443115234375,826.7531127929688,161.37738037109375,894.7678833007812,1972.43505859375,1409.8275146484375,521.126220703125,1556.8663330078125,2632.40576171875,2592.687255859375,432.3003234863281,1586.1954345703125,2748.850830078125,2355.797119140625,305.15863037109375,1224.9588623046875,2417.741455078125,2408.71630859375,-0.0942375659942627,219.39219665527344,1169.555908203125,998.554931640625,137.57504272460938,278.7384338378906,594.9535522460938,751.2505493164062
359,5.983333,273.16473388671875,96.47259521484375,354.4080810546875,817.1632690429688,165.1672821044922,892.1325073242188,1965.6312255859375,1406.7149658203125,528.1170043945312,1559.411376953125,2632.0517578125,2593.764892578125,431.7183532714844,1585.22265625,2742.951904296875,2349.837158203125,306.8674011230469,1233.07275390625,2420.696044921875,2410.4501953125,-0.5367119312286377,218.9404296875,1165.18017578125,1000.6492919921875,136.34652709960938,276.701416015625,588.519775390625,745.2841796875
360,6.000000,268.776611328125,89.7747573852539,347.79290771484375,810.0570068359375,164.8076934814453,882.433349609375,1958.6058349609375,1413.4981689453125,531.7200927734375,1556.594970703125,2620.958740234375,2593.602294921875,426.8397521972656,1575.8653564453125,2720.987060546875,2337.11572265625,308.7322692871094,1248.6903076171875,2419.076904296875,2412.92822265625,3.2370917797088623,220.65512084960938,1163.694091796875,1007.1109619140625,137.05282592773438,266.86676025390625,575.4759521484375,732.9572143554688
361,6.016667,266.15570068359375,88.0523681640625,332.12896728515625,793.9419555664062,173.23057556152344,882.37451171875,1944.6312255859375,1390.3458251953125,545.7025146484375,1570.3101806640625,2641.54638671875,2585.5205078125,430.0457458496094,1592.0770263671875,2741.052490234375,2325.76416015625,310.56634521484375,1251.4267578125,2429.613525390625,2403.90673828125,-1.8604423999786377,217.5890350341797,1154.596923828125,1002.5242919921875,132.85275268554688,269.9206237792969,566.8507080078125,732.4441528320312
362,6.033333,260.3196716308594,78.88833618164062,324.8218994140625,783.2866821289062,170.33750915527344,874.4849243164062,1947.1943359375,1406.7684326171875,546.0169067382812,1566.335693359375,2637.68310546875,2596.997802734375,425.2406921386719,1579.2208251953125,2721.139892578125,2321.861083984375,309.8052062988281,1270.4952392578125,2432.996826171875,2409.23779296875,4.204544544219971,220.56556701660156,1155.0909423828125,1009.59423828125,132.49851989746094,247.9779510498047,539.4766845703125,709.1139526367188
363,6.050000,259.35260009765625,77.22367858886719,307.81304931640625,760.321044921875,179.3695831298828,884.4028930664062,1940.9473876953125,1384.702880859375,562.244140625,1588.3785400390625,2666.09130859375,2597.656494140625,436.1306457519531,1606.1639404296875,2752.466064453125,2321.538330078125,309.6845397949219,1269.95703125,2444.546142578125,2397.669189453125,2.332451581954956,225.0152130126953,1154.93359375,1002.3199462890625,127.20657348632812,238.7071075439453,518.663330078125,699.4395141601562
364,6.066667,250.15052795410156,78.89883422851562,310.4714660644531,744.0779418945312,170.50137329101562,884.4935913085938,1941.7176513671875,1391.7310791015625,546.311767578125,1559.785400390625,2665.61181640625,2612.193359375,427.9789733886719,1565.84423828125,2748.717529296875,2333.064697265625,294.70458984375,1230.8721923828125,2408.554443359375,2386.45556640625,9.816704750061035,219.59286499023438,1153.87451171875,1005.008544921875,130.43002319335938,225.2197723388672,522.2943115234375,690.8396606445312
365,6.083333,248.2506103515625,83.40631866455078,318.7736511230469,739.8157348632812,157.22218322753906,879.6181030273438,1935.9964599609375,1400.5013427734375,519.924560546875,1522.406494140625,2642.00244140625,2611.275390625,416.8397521972656,1527.0748291015625,2739.521484375,2343.599853515625,279.3074035644531,1195.12451171875,2365.961669921875,2375.095703125,21.034759521484375,223.0771026611328,1159.8192138671875,1014.038818359375,139.1805419921875,218.91781616210938,539.7449340820312,694.2954711914062
366,6.100000,243.0758056640625,90.07909393310547,309.2763671875,705.2333984375,158.30149841308594,898.667236328125,1932.0255126953125,1358.99853515625,519.349365234375,1520.79150390625,2665.288818359375,2583.943115234375,423.4757995605469,1524.0394287109375,2775.947021484375,2332.602783203125,269.6727294921875,1151.5460205078125,2347.30224609375,2332.036865234375,24.843711853027344,231.66629028320312,1175.50634765625,1003.0316162109375,137.81576538085938,216.75479125976562,546.972900390625,693.7279663085938
367,6.116667,236.15155029296875,91.52926635742188,308.28155517578125,680.90380859375,143.1669464111328,897.0562133789062,1927.511962890625,1349.6893310546875,496.9943542480469,1485.337890625,2660.60107421875,2574.563720703125,422.9167175292969,1493.3909912109375,2790.479248046875,2347.64794921875,260.2793273925781,1132.3863525390625,2328.390380859375,2316.469970703125,39.2689208984375,253.73294067382812,1199.364990234375,1007.04736328125,144.16024780273438,205.24847412109375,548.1815185546875,682.7113647460938
368,6.133333,235.9615020751953,92.91861724853516,309.7505798339844,665.2083129882812,126.525634765625,896.4208374023438,1920.9315185546875,1330.9095458984375,473.6605529785156,1445.091552734375,2643.40869140625,2547.582763671875,425.0647277832031,1461.3426513671875,2802.270751953125,2354.785888671875,255.68585205078125,1121.9947509765625,2314.449951171875,2299.818359375,51.265594482421875,284.1798400878906,1232.6513671875,1010.5963134765625,150.86965942382812,196.9324188232422,554.645751953125,680.9813232421875
369,6.150000,225.50717163085938,94.16544342041016,305.2493896484375,642.7462768554688,122.20197296142578,901.1346435546875,1921.6468505859375,1302.6461181640625,474.9952697753906,1448.6610107421875,2679.8818359375,2539.551025390625,437.4194030761719,1474.4052734375,2849.311279296875,2362.536376953125,253.5553436279297,1100.88916015625,2310.46728515625,2276.196044921875,53.53794860839844,288.793212890625,1241.3428955078125,999.1952514648438,148.65545654296875,196.94906616210938,553.9620361328125,679.6145629882812
370,6.166667,219.1289825439453,87.75314331054688,299.7383117675781,626.5972900390625,106.85491943359375,887.3773803710938,1902.688232421875,1292.3236083984375,459.7749328613281,1420.9677734375,2658.745849609375,2525.572509765625,433.6005554199219,1446.4739990234375,2838.59765625,2361.59521484375,247.372802734375,1103.8739013671875,2309.802001953125,2276.19580078125,56.562416076660156,300.4709167480469,1255.045166015625,1008.275634765625,148.57470703125,181.28749084472656,542.73193359375,668.0912475585938
371,6.183333,215.61874389648438,90.48553466796875,296.4429931640625,617.9165649414062,108.9996109008789,893.0612182617188,1904.1572265625,1274.718994140625,465.3450012207031,1431.86865234375,2683.353515625,2517.736083984375,445.56927490234375,1469.1788330078125,2870.021240234375,2364.597412109375,252.52056884765625,1099.36279296875,2311.494384765625,2263.8857421875,59.367958068847656,305.5167541503906,1258.5040283203125,998.8052978515625,150.95303344726562,191.7777862548828,549.5589599609375,675.3084106445312
372,6.200000,210.76966857910156,85.56562042236328,288.2591857910156,605.3271484375,100.5841293334961,882.665283203125,1886.132568359375,1270.2891845703125,455.2090759277344,1405.9771728515625,2657.760498046875,2509.501220703125,439.7477111816406,1438.7291259765625,2849.546630859375,2363.265625,248.61380004882812,1099.9935302734375,2310.815185546875,2270.752197265625,60.943511962890625,310.91943359375,1264.51220703125,1008.625732421875,151.43936157226562,181.1856231689453,541.2554931640625,667.3470458984375
373,6.216667,207.95388793945312,88.5843276977539,286.8284912109375,598.74658203125,102.88895416259766,888.0328979492188,1887.0731201171875,1247.94482421875,458.0913391113281,1415.9708251953125,2674.3681640625,2487.37158203125,445.9602966308594,1456.4505615234375,2872.736572265625,2352.495361328125,254.82794189453125,1098.3682861328125,2316.720947265625,2256.273681640625,64.63703918457031,317.3807067871094,1274.5975341796875,1002.0128173828125,155.66983032226562,196.57981872558594,556.8749389648438,680.1394653320312
374,6.233333,209.0380096435547,87.27742767333984,288.1319885253906,602.9052124023438,97.89969635009766,884.9989624023438,1886.9476318359375,1257.93994140625,449.2395324707031,1407.1749267578125,2664.4912109375,2491.793212890625,441.6949768066406,1446.7210693359375,2863.7705078125,2358.100341796875,251.58970642089844,1100.2401123046875,2316.307373046875,2262.63134765625,63.52345275878906,318.9710998535156,1279.843017578125,1008.68408203125,154.01055908203125,189.84744262695312,554.3162841796875,679.6205444335938
375,6.250000,204.59181213378906,88.58341217041016,283.4649658203125,587.80126953125,96.68846893310547,883.047607421875,1874.8150634765625,1229.8763427734375,445.9256896972656,1398.1611328125,2667.517822265625,2467.16552734375,441.4054870605469,1437.6160888671875,2870.3876953125,2343.5888671875,252.64501953125,1092.177490234375,2317.118896484375,2250.66796875,67.07677459716797,320.2624816894531,1280.5732421875,1005.5308227539062,158.56617736816406,199.91717529296875,564.7891845703125,684.7256469726562
376,6.266667,203.9647979736328,88.04981231689453,282.5797119140625,583.3062133789062,93.42841339111328,878.1127319335938,1863.6729736328125,1221.3333740234375,439.1372375488281,1382.38134765625,2650.605224609375,2453.406005859375,436.5681457519531,1417.480712890625,2856.094482421875,2335.186767578125,249.52406311035156,1085.9306640625,2312.096923828125,2248.0478515625,67.83424377441406,320.9822692871094,1282.82470703125,1009.86279296875,160.6265106201172,200.65525817871094,570.74072265625,687.1535034179688
